Name,Math,Science,English,Average
Amit,78,85,74,79.0
Priya,92,89,96,92.33333333333333
Kiran,65,70,60,65.0
Anita,88,95,90,91.0
Ravi,55,60,58,57.666666666666664
